-- phpMyAdmin SQL Dump
-- version 5.2.1
-- https://www.phpmyadmin.net/
--
-- Host: 127.0.0.1
-- Gegenereerd op: 19 jun 2025 om 10:43
-- Serverversie: 10.4.32-MariaDB
-- PHP-versie: 8.2.12

SET SQL_MODE = "NO_AUTO_VALUE_ON_ZERO";
START TRANSACTION;
SET time_zone = "+00:00";


/*!40101 SET @OLD_CHARACTER_SET_CLIENT=@@CHARACTER_SET_CLIENT */;
/*!40101 SET @OLD_CHARACTER_SET_RESULTS=@@CHARACTER_SET_RESULTS */;
/*!40101 SET @OLD_COLLATION_CONNECTION=@@COLLATION_CONNECTION */;
/*!40101 SET NAMES utf8mb4 */;

--
-- Database: `smartenergy_db`
--

-- --------------------------------------------------------

--
-- Tabelstructuur voor tabel `autoenergiedata`
--

CREATE TABLE `autoenergiedata` (
  `sensor_data_id` int(11) NOT NULL,
  `waterverbruik_auto` decimal(6,2) DEFAULT NULL,
  `waterstofopslag_auto` decimal(6,2) DEFAULT NULL
) ENGINE=InnoDB DEFAULT CHARSET=utf8mb4 COLLATE=utf8mb4_general_ci;

--
-- Gegevens worden geëxporteerd voor tabel `autoenergiedata`
--

INSERT INTO `autoenergiedata` (`sensor_data_id`, `waterverbruik_auto`, `waterstofopslag_auto`) VALUES
(291, 0.00, 71.00),
(292, 0.00, 73.00),
(293, 0.00, 75.00),
(294, 0.00, 77.00),
(295, 0.00, 79.00),
(296, 0.00, 80.00),
(297, 0.00, 82.00),
(298, 0.00, 84.00),
(299, 0.00, 86.00),
(300, 0.00, 88.00),
(301, 0.00, 89.00),
(302, 0.00, 91.00),
(303, 0.00, 93.00),
(304, 0.00, 95.00),
(305, 0.00, 97.00),
(306, 0.00, 98.00),
(307, 0.00, 100.00),
(308, 0.00, 100.00),
(309, 0.00, 100.00),
(310, 0.00, 100.00),
(311, 0.00, 100.00),
(312, 0.00, 100.00),
(313, 0.00, 100.00),
(314, 0.00, 100.00),
(315, 0.00, 100.00),
(316, 0.00, 100.00),
(317, 0.00, 100.00),
(318, 0.00, 100.00),
(319, 0.00, 100.00),
(320, 0.00, 100.00),
(321, 0.00, 100.00),
(322, 0.00, 100.00),
(323, 0.00, 99.00),
(324, 0.00, 98.00),
(325, 0.00, 97.00),
(326, 0.00, 96.00),
(327, 0.00, 96.00),
(328, 0.00, 96.00),
(329, 0.00, 96.00),
(330, 0.00, 96.00),
(331, 0.00, 96.00),
(332, 0.00, 96.00),
(333, 0.00, 96.00),
(334, 0.00, 96.00),
(335, 0.00, 96.00),
(336, 0.00, 96.00),
(337, 0.00, 96.00),
(338, 0.00, 96.00),
(339, 0.00, 96.00),
(340, 0.00, 96.00),
(341, 0.00, 96.00),
(342, 0.00, 96.00),
(343, 0.00, 96.00),
(344, 0.00, 96.00),
(345, 0.00, 96.00),
(346, 0.00, 96.00),
(347, 0.00, 96.00),
(348, 0.00, 96.00),
(349, 0.00, 96.00),
(350, 0.00, 96.00),
(351, 0.00, 96.00),
(352, 0.00, 96.00),
(353, 0.00, 96.00),
(354, 0.00, 96.00),
(355, 0.00, 96.00),
(356, 0.00, 96.00),
(357, 0.00, 96.00),
(358, 0.00, 96.00),
(359, 0.00, 96.00),
(360, 0.00, 95.00),
(361, 0.00, 94.00),
(362, 0.00, 93.00),
(363, 0.00, 93.00),
(364, 0.00, 93.00),
(365, 0.00, 93.00),
(366, 0.00, 93.00),
(367, 0.00, 93.00),
(368, 0.00, 93.00),
(369, 0.00, 93.00),
(370, 0.00, 93.00),
(371, 0.00, 93.00),
(372, 0.00, 93.00),
(373, 0.00, 93.00),
(374, 0.00, 93.00),
(375, 0.00, 93.00),
(376, 0.00, 93.00),
(377, 0.00, 93.00),
(378, 0.00, 93.00),
(379, 0.00, 95.00),
(380, 0.00, 97.00),
(381, 0.00, 99.00),
(382, 0.00, 100.00),
(383, 0.00, 100.00),
(384, 0.00, 100.00),
(385, 0.00, 100.00),
(386, 0.00, 100.00),
(387, 0.00, 100.00),
(388, 0.00, 100.00),
(389, 0.00, 100.00),
(390, 0.00, 100.00),
(391, 0.00, 100.00),
(392, 0.00, 100.00),
(393, 0.00, 100.00),
(394, 0.00, 100.00),
(395, 0.00, 100.00),
(396, 0.00, 100.00),
(397, 0.00, 100.00),
(398, 0.00, 100.00),
(399, 0.00, 100.00),
(400, 0.00, 100.00),
(401, 0.00, 100.00),
(402, 0.00, 100.00),
(403, 0.00, 100.00),
(404, 0.00, 100.00),
(405, 0.00, 100.00),
(406, 0.00, 100.00),
(407, 0.00, 100.00),
(408, 0.00, 100.00),
(409, 0.00, 100.00),
(410, 0.00, 100.00),
(411, 0.00, 100.00),
(412, 0.00, 100.00),
(413, 0.00, 100.00),
(414, 0.00, 100.00),
(415, 0.00, 100.00),
(416, 0.00, 100.00),
(417, 0.00, 100.00),
(418, 0.00, 100.00),
(419, 0.00, 99.00),
(420, 0.00, 98.00),
(421, 0.00, 97.00),
(422, 0.00, 96.00),
(423, 0.00, 96.00),
(424, 0.00, 96.00),
(425, 0.00, 96.00),
(426, 0.00, 96.00),
(427, 0.00, 96.00),
(428, 0.00, 96.00),
(429, 0.00, 96.00),
(430, 0.00, 96.00),
(431, 0.00, 96.00),
(432, 0.00, 96.00),
(433, 0.00, 96.00),
(434, 0.00, 96.00),
(435, 0.00, 96.00),
(436, 0.00, 96.00),
(437, 0.00, 96.00),
(438, 0.00, 96.00),
(439, 0.00, 96.00),
(440, 0.00, 96.00),
(441, 0.00, 96.00),
(442, 0.00, 96.00),
(443, 0.00, 96.00),
(444, 0.00, 96.00),
(445, 0.00, 96.00),
(446, 0.00, 96.00),
(447, 0.00, 96.00),
(448, 0.00, 96.00),
(449, 0.00, 96.00),
(450, 0.00, 96.00),
(451, 0.00, 96.00),
(452, 0.00, 96.00),
(453, 0.00, 96.00),
(454, 0.00, 96.00),
(455, 0.00, 96.00),
(456, 0.00, 95.00),
(457, 0.00, 94.00),
(458, 0.00, 93.00),
(459, 0.00, 93.00),
(460, 0.00, 93.00),
(461, 0.00, 93.00),
(462, 0.00, 93.00),
(463, 0.00, 93.00),
(464, 0.00, 93.00),
(465, 0.00, 93.00),
(466, 0.00, 93.00),
(467, 0.00, 93.00),
(468, 0.00, 93.00),
(469, 0.00, 93.00),
(470, 0.00, 93.00),
(471, 0.00, 93.00),
(472, 0.00, 93.00),
(473, 0.00, 93.00),
(474, 0.00, 93.00),
(475, 0.00, 95.00),
(476, 0.00, 97.00),
(477, 0.00, 99.00),
(478, 0.00, 100.00),
(479, 0.00, 100.00),
(480, 0.00, 100.00),
(481, 0.00, 100.00),
(482, 0.00, 100.00),
(483, 0.00, 100.00),
(484, 0.00, 100.00),
(485, 0.00, 100.00),
(486, 0.00, 100.00),
(487, 0.00, 100.00),
(488, 0.00, 100.00),
(489, 0.00, 100.00),
(490, 0.00, 100.00),
(491, 0.00, 100.00),
(492, 0.00, 100.00),
(493, 0.00, 100.00),
(494, 0.00, 100.00),
(495, 0.00, 100.00),
(496, 0.00, 100.00),
(497, 0.00, 100.00),
(498, 0.00, 100.00),
(499, 0.00, 100.00),
(500, 0.00, 100.00),
(501, 0.00, 100.00),
(502, 0.00, 100.00),
(503, 0.00, 100.00),
(504, 0.00, 100.00),
(505, 0.00, 100.00),
(506, 0.00, 100.00),
(507, 0.00, 100.00),
(508, 0.00, 100.00),
(509, 0.00, 100.00),
(510, 0.00, 100.00),
(511, 0.00, 100.00),
(512, 0.00, 100.00),
(513, 0.00, 100.00),
(514, 0.00, 100.00),
(515, 0.00, 99.00),
(516, 0.00, 98.00),
(517, 0.00, 97.00),
(518, 0.00, 96.00),
(519, 0.00, 96.00),
(520, 0.00, 96.00),
(521, 0.00, 96.00),
(522, 0.00, 96.00),
(523, 0.00, 96.00),
(524, 0.00, 96.00),
(525, 0.00, 96.00),
(526, 0.00, 96.00),
(527, 0.00, 96.00),
(528, 0.00, 96.00),
(529, 0.00, 96.00),
(530, 0.00, 96.00),
(531, 0.00, 96.00),
(532, 0.00, 96.00),
(533, 0.00, 96.00),
(534, 0.00, 96.00),
(535, 0.00, 96.00),
(536, 0.00, 96.00),
(537, 0.00, 96.00),
(538, 0.00, 96.00),
(539, 0.00, 96.00),
(540, 0.00, 96.00),
(541, 0.00, 96.00),
(542, 0.00, 96.00),
(543, 0.00, 96.00),
(544, 0.00, 96.00),
(545, 0.00, 96.00),
(546, 0.00, 96.00),
(547, 0.00, 96.00),
(548, 0.00, 96.00),
(549, 0.00, 96.00),
(550, 0.00, 96.00),
(551, 0.00, 96.00),
(552, 0.00, 95.00),
(553, 0.00, 94.00),
(554, 0.00, 93.00),
(555, 0.00, 93.00),
(556, 0.00, 93.00),
(557, 0.00, 93.00),
(558, 0.00, 93.00),
(559, 0.00, 93.00),
(560, 0.00, 93.00),
(561, 0.00, 93.00),
(562, 0.00, 93.00),
(563, 0.00, 93.00),
(564, 0.00, 93.00),
(565, 0.00, 93.00),
(566, 0.00, 93.00),
(567, 0.00, 93.00),
(568, 0.00, 93.00),
(569, 0.00, 93.00),
(570, 0.00, 93.00),
(571, 0.00, 95.00),
(572, 0.00, 97.00),
(573, 0.00, 99.00),
(574, 0.00, 100.00),
(575, 0.00, 100.00),
(576, 0.00, 100.00),
(577, 0.00, 100.00),
(578, 0.00, 100.00),
(579, NULL, NULL),
(580, NULL, NULL),
(581, NULL, NULL),
(582, NULL, NULL),
(583, NULL, NULL),
(584, NULL, NULL),
(585, NULL, NULL),
(586, NULL, NULL),
(587, NULL, NULL),
(588, NULL, NULL),
(589, NULL, NULL),
(590, NULL, NULL),
(591, NULL, NULL),
(592, NULL, NULL),
(593, NULL, NULL),
(594, NULL, NULL),
(595, NULL, NULL),
(596, NULL, NULL),
(597, NULL, NULL);

-- --------------------------------------------------------

--
-- Tabelstructuur voor tabel `dashboard`
--

CREATE TABLE `dashboard` (
  `dashboard_id` int(11) NOT NULL,
  `user_id` int(11) DEFAULT NULL
) ENGINE=InnoDB DEFAULT CHARSET=utf8mb4 COLLATE=utf8mb4_general_ci;

-- --------------------------------------------------------

--
-- Tabelstructuur voor tabel `omgevingsenergiedata`
--

CREATE TABLE `omgevingsenergiedata` (
  `sensor_data_id` int(11) NOT NULL,
  `buitentemperatuur` decimal(4,1) DEFAULT NULL,
  `binnentemperatuur` decimal(4,1) DEFAULT NULL,
  `luchtdruk` decimal(6,2) DEFAULT NULL,
  `luchtvochtigheid` decimal(6,2) DEFAULT NULL,
  `co2_concentratie_binnen` decimal(6,2) DEFAULT NULL,
  `accu_level` decimal(5,2) DEFAULT NULL,
  `waterstofproductie` decimal(6,2) DEFAULT NULL
) ENGINE=InnoDB DEFAULT CHARSET=utf8mb4 COLLATE=utf8mb4_general_ci;

--
-- Gegevens worden geëxporteerd voor tabel `omgevingsenergiedata`
--

INSERT INTO `omgevingsenergiedata` (`sensor_data_id`, `buitentemperatuur`, `binnentemperatuur`, `luchtdruk`, `luchtvochtigheid`, `co2_concentratie_binnen`, `accu_level`, `waterstofproductie`) VALUES
(291, 3.0, 20.0, 1012.00, 71.00, 495.00, 99.00, 0.00),
(292, 3.0, 21.0, 1011.00, 72.00, 496.00, 99.00, 0.00),
(293, 5.0, 20.0, 1012.00, 71.00, 485.00, 99.00, 0.00),
(294, 3.0, 21.0, 1012.00, 69.00, 516.00, 99.00, 0.00),
(295, 3.0, 21.0, 1012.00, 68.00, 503.00, 99.00, 0.00),
(296, 3.0, 21.0, 1012.00, 71.00, 503.00, 99.00, 0.00),
(297, 4.0, 21.0, 1013.00, 68.00, 507.00, 99.00, 0.00),
(298, 4.0, 21.0, 1013.00, 70.00, 483.00, 99.00, 0.00),
(299, 5.0, 21.0, 1012.00, 72.00, 496.00, 99.00, 0.00),
(300, 4.0, 21.0, 1013.00, 68.00, 496.00, 99.00, 0.00),
(301, 5.0, 21.0, 1012.00, 65.00, 506.00, 99.00, 0.00),
(302, 4.0, 21.0, 1013.00, 68.00, 506.00, 99.00, 0.00),
(303, 5.0, 21.0, 1012.00, 67.00, 495.00, 99.00, 0.00),
(304, 4.0, 21.0, 1012.00, 67.00, 520.00, 98.00, 0.00),
(305, 6.0, 21.0, 1013.00, 66.00, 495.00, 98.00, 0.00),
(306, 6.0, 21.0, 1013.00, 65.00, 481.00, 98.00, 0.00),
(307, 6.0, 21.0, 1013.00, 65.00, 504.00, 98.00, 0.00),
(308, 7.0, 21.0, 1013.00, 57.00, 492.00, 98.00, 0.00),
(309, 6.0, 21.0, 1012.00, 64.00, 471.00, 98.00, 0.00),
(310, 8.0, 21.0, 1012.00, 61.00, 449.00, 98.00, 0.00),
(311, 8.0, 21.0, 1011.00, 64.00, 491.00, 98.00, 0.00),
(312, 9.0, 21.0, 1012.00, 64.00, 486.00, 98.00, 0.00),
(313, 8.0, 21.0, 1011.00, 64.00, 468.00, 98.00, 0.00),
(314, 9.0, 21.0, 1012.00, 61.00, 472.00, 98.00, 0.00),
(315, 9.0, 21.0, 1012.00, 55.00, 479.00, 98.00, 0.00),
(316, 10.0, 21.0, 1011.00, 60.00, 450.00, 98.00, 0.00),
(317, 11.0, 21.0, 1011.00, 58.00, 460.00, 98.00, 1.00),
(318, 10.0, 21.0, 1011.00, 61.00, 475.00, 98.00, 2.00),
(319, 11.0, 21.0, 1010.00, 59.00, 461.00, 98.00, 3.00),
(320, 11.0, 21.0, 1011.00, 59.00, 459.00, 98.00, 6.00),
(321, 12.0, 21.0, 1011.00, 56.00, 430.00, 98.00, 8.00),
(322, 11.0, 21.0, 1011.00, 55.00, 439.00, 98.00, 11.00),
(323, 12.0, 21.0, 1010.00, 53.00, 429.00, 98.00, 14.00),
(324, 13.0, 21.0, 1011.00, 52.00, 457.00, 98.00, 19.00),
(325, 13.0, 21.0, 1011.00, 51.00, 442.00, 98.00, 21.00),
(326, 13.0, 21.0, 1011.00, 54.00, 434.00, 99.00, 24.00),
(327, 13.0, 21.0, 1011.00, 55.00, 429.00, 99.00, 28.00),
(328, 14.0, 21.0, 1010.00, 51.00, 441.00, 99.00, 31.00),
(329, 14.0, 21.0, 1011.00, 51.00, 426.00, 99.00, 34.00),
(330, 14.0, 21.0, 1010.00, 52.00, 447.00, 100.00, 40.00),
(331, 14.0, 21.0, 1011.00, 51.00, 441.00, 100.00, 40.00),
(332, 14.0, 21.0, 1011.00, 51.00, 432.00, 100.00, 44.00),
(333, 15.0, 21.0, 1011.00, 52.00, 421.00, 100.00, 48.00),
(334, 15.0, 21.0, 1011.00, 48.00, 436.00, 100.00, 50.00),
(335, 14.0, 21.0, 1011.00, 47.00, 421.00, 100.00, 52.00),
(336, 16.0, 21.0, 1012.00, 50.00, 442.00, 100.00, 53.00),
(337, 15.0, 21.0, 1011.00, 51.00, 433.00, 100.00, 54.00),
(338, 14.0, 21.0, 1011.00, 49.00, 442.00, 100.00, 54.00),
(339, 16.0, 20.0, 1012.00, 48.00, 434.00, 100.00, 55.00),
(340, 15.0, 21.0, 1012.00, 48.00, 436.00, 100.00, 55.00),
(341, 15.0, 20.0, 1012.00, 49.00, 441.00, 100.00, 54.00),
(342, 15.0, 20.0, 1012.00, 51.00, 429.00, 100.00, 51.00),
(343, 15.0, 20.0, 1012.00, 50.00, 427.00, 100.00, 49.00),
(344, 15.0, 20.0, 1012.00, 49.00, 429.00, 100.00, 47.00),
(345, 14.0, 20.0, 1012.00, 51.00, 446.00, 100.00, 45.00),
(346, 15.0, 20.0, 1012.00, 53.00, 432.00, 100.00, 41.00),
(347, 14.0, 20.0, 1012.00, 50.00, 413.00, 100.00, 40.00),
(348, 14.0, 20.0, 1012.00, 51.00, 430.00, 100.00, 35.00),
(349, 14.0, 20.0, 1012.00, 53.00, 424.00, 100.00, 32.00),
(350, 13.0, 20.0, 1013.00, 54.00, 429.00, 100.00, 27.00),
(351, 14.0, 20.0, 1013.00, 55.00, 423.00, 100.00, 24.00),
(352, 14.0, 20.0, 1013.00, 53.00, 434.00, 100.00, 21.00),
(353, 13.0, 20.0, 1012.00, 53.00, 429.00, 100.00, 17.00),
(354, 13.0, 20.0, 1012.00, 55.00, 433.00, 100.00, 14.00),
(355, 12.0, 20.0, 1012.00, 57.00, 443.00, 100.00, 10.00),
(356, 11.0, 20.0, 1013.00, 56.00, 442.00, 100.00, 8.00),
(357, 12.0, 20.0, 1012.00, 52.00, 435.00, 100.00, 6.00),
(358, 12.0, 19.0, 1012.00, 60.00, 438.00, 100.00, 3.00),
(359, 11.0, 20.0, 1012.00, 58.00, 454.00, 100.00, 2.00),
(360, 11.0, 20.0, 1012.00, 56.00, 432.00, 100.00, 1.00),
(361, 10.0, 19.0, 1012.00, 59.00, 440.00, 99.00, 0.00),
(362, 9.0, 20.0, 1012.00, 58.00, 426.00, 99.00, 0.00),
(363, 10.0, 20.0, 1012.00, 63.00, 436.00, 99.00, 0.00),
(364, 10.0, 20.0, 1011.00, 59.00, 431.00, 99.00, 0.00),
(365, 7.0, 20.0, 1011.00, 59.00, 433.00, 99.00, 0.00),
(366, 8.0, 20.0, 1012.00, 64.00, 424.00, 99.00, 0.00),
(367, 8.0, 20.0, 1011.00, 63.00, 421.00, 99.00, 0.00),
(368, 8.0, 20.0, 1011.00, 62.00, 455.00, 99.00, 0.00),
(369, 7.0, 19.0, 1011.00, 62.00, 444.00, 99.00, 0.00),
(370, 6.0, 20.0, 1011.00, 62.00, 454.00, 99.00, 0.00),
(371, 6.0, 20.0, 1010.00, 69.00, 457.00, 99.00, 0.00),
(372, 5.0, 20.0, 1010.00, 68.00, 448.00, 99.00, 0.00),
(373, 5.0, 20.0, 1010.00, 66.00, 431.00, 99.00, 0.00),
(374, 5.0, 20.0, 1010.00, 66.00, 458.00, 99.00, 0.00),
(375, 4.0, 20.0, 1010.00, 69.00, 454.00, 99.00, 0.00),
(376, 5.0, 20.0, 1011.00, 69.00, 483.00, 99.00, 0.00),
(377, 3.0, 20.0, 1011.00, 69.00, 463.00, 99.00, 0.00),
(378, 4.0, 20.0, 1011.00, 64.00, 479.00, 99.00, 0.00),
(379, 4.0, 20.0, 1011.00, 69.00, 476.00, 99.00, 0.00),
(380, 3.0, 20.0, 1011.00, 71.00, 499.00, 99.00, 0.00),
(381, 4.0, 21.0, 1011.00, 73.00, 498.00, 99.00, 0.00),
(382, 3.0, 20.0, 1011.00, 69.00, 469.00, 99.00, 0.00),
(383, 3.0, 20.0, 1011.00, 71.00, 488.00, 99.00, 0.00),
(384, 3.0, 21.0, 1011.00, 69.00, 494.00, 99.00, 0.00),
(385, 3.0, 20.0, 1011.00, 73.00, 483.00, 99.00, 0.00),
(386, 3.0, 21.0, 1011.00, 69.00, 499.00, 98.00, 0.00),
(387, 3.0, 20.0, 1012.00, 71.00, 494.00, 99.00, 0.00),
(388, 3.0, 21.0, 1011.00, 72.00, 498.00, 99.00, 0.00),
(389, 4.0, 20.0, 1012.00, 71.00, 487.00, 99.00, 0.00),
(390, 3.0, 21.0, 1012.00, 69.00, 519.00, 99.00, 0.00),
(391, 3.0, 21.0, 1012.00, 68.00, 506.00, 99.00, 0.00),
(392, 3.0, 21.0, 1012.00, 71.00, 506.00, 99.00, 0.00),
(393, 3.0, 21.0, 1013.00, 68.00, 509.00, 99.00, 0.00),
(394, 4.0, 21.0, 1013.00, 70.00, 485.00, 99.00, 0.00),
(395, 4.0, 21.0, 1012.00, 72.00, 499.00, 99.00, 0.00),
(396, 4.0, 21.0, 1013.00, 68.00, 498.00, 99.00, 0.00),
(397, 4.0, 21.0, 1012.00, 65.00, 508.00, 99.00, 0.00),
(398, 4.0, 21.0, 1013.00, 68.00, 509.00, 99.00, 0.00),
(399, 5.0, 21.0, 1012.00, 67.00, 497.00, 99.00, 0.00),
(400, 4.0, 21.0, 1012.00, 67.00, 523.00, 98.00, 0.00),
(401, 6.0, 21.0, 1013.00, 66.00, 498.00, 98.00, 0.00),
(402, 6.0, 21.0, 1013.00, 65.00, 483.00, 98.00, 0.00),
(403, 6.0, 21.0, 1013.00, 65.00, 507.00, 98.00, 0.00),
(404, 7.0, 21.0, 1013.00, 57.00, 495.00, 98.00, 0.00),
(405, 6.0, 21.0, 1012.00, 64.00, 473.00, 98.00, 0.00),
(406, 8.0, 21.0, 1012.00, 61.00, 451.00, 98.00, 0.00),
(407, 8.0, 21.0, 1011.00, 64.00, 493.00, 98.00, 0.00),
(408, 8.0, 21.0, 1012.00, 64.00, 488.00, 98.00, 0.00),
(409, 8.0, 21.0, 1011.00, 64.00, 470.00, 98.00, 0.00),
(410, 9.0, 21.0, 1012.00, 61.00, 474.00, 98.00, 0.00),
(411, 9.0, 21.0, 1012.00, 55.00, 481.00, 98.00, 0.00),
(412, 10.0, 21.0, 1011.00, 60.00, 452.00, 98.00, 0.00),
(413, 11.0, 21.0, 1011.00, 58.00, 463.00, 98.00, 1.00),
(414, 10.0, 21.0, 1011.00, 61.00, 477.00, 98.00, 2.00),
(415, 11.0, 21.0, 1010.00, 59.00, 464.00, 98.00, 3.00),
(416, 11.0, 21.0, 1011.00, 59.00, 461.00, 98.00, 6.00),
(417, 11.0, 21.0, 1011.00, 56.00, 432.00, 98.00, 8.00),
(418, 11.0, 21.0, 1011.00, 55.00, 441.00, 98.00, 11.00),
(419, 12.0, 21.0, 1010.00, 53.00, 432.00, 98.00, 14.00),
(420, 13.0, 21.0, 1011.00, 52.00, 459.00, 98.00, 19.00),
(421, 13.0, 21.0, 1011.00, 51.00, 444.00, 98.00, 21.00),
(422, 13.0, 21.0, 1011.00, 54.00, 436.00, 99.00, 24.00),
(423, 13.0, 21.0, 1011.00, 55.00, 431.00, 99.00, 28.00),
(424, 14.0, 21.0, 1010.00, 51.00, 443.00, 99.00, 31.00),
(425, 14.0, 21.0, 1011.00, 51.00, 428.00, 99.00, 34.00),
(426, 14.0, 21.0, 1010.00, 52.00, 450.00, 100.00, 40.00),
(427, 14.0, 21.0, 1011.00, 51.00, 443.00, 100.00, 40.00),
(428, 14.0, 21.0, 1011.00, 51.00, 434.00, 100.00, 44.00),
(429, 15.0, 21.0, 1011.00, 52.00, 423.00, 100.00, 48.00),
(430, 14.0, 21.0, 1011.00, 48.00, 438.00, 100.00, 50.00),
(431, 14.0, 21.0, 1011.00, 47.00, 424.00, 100.00, 52.00),
(432, 16.0, 21.0, 1012.00, 50.00, 444.00, 100.00, 53.00),
(433, 15.0, 21.0, 1011.00, 51.00, 435.00, 100.00, 54.00),
(434, 14.0, 21.0, 1011.00, 49.00, 444.00, 100.00, 54.00),
(435, 16.0, 20.0, 1012.00, 48.00, 437.00, 100.00, 55.00),
(436, 15.0, 21.0, 1012.00, 48.00, 439.00, 100.00, 55.00),
(437, 14.0, 20.0, 1012.00, 49.00, 443.00, 100.00, 54.00),
(438, 15.0, 20.0, 1012.00, 51.00, 432.00, 100.00, 51.00),
(439, 15.0, 20.0, 1012.00, 50.00, 429.00, 100.00, 49.00),
(440, 15.0, 20.0, 1012.00, 49.00, 432.00, 100.00, 47.00),
(441, 14.0, 20.0, 1012.00, 51.00, 448.00, 100.00, 45.00),
(442, 15.0, 20.0, 1012.00, 53.00, 435.00, 100.00, 41.00),
(443, 14.0, 20.0, 1012.00, 50.00, 416.00, 100.00, 40.00),
(444, 14.0, 20.0, 1012.00, 51.00, 432.00, 100.00, 35.00),
(445, 14.0, 20.0, 1012.00, 53.00, 427.00, 100.00, 32.00),
(446, 13.0, 20.0, 1013.00, 54.00, 431.00, 100.00, 27.00),
(447, 13.0, 20.0, 1013.00, 55.00, 426.00, 100.00, 24.00),
(448, 13.0, 20.0, 1013.00, 53.00, 436.00, 100.00, 21.00),
(449, 13.0, 20.0, 1012.00, 53.00, 431.00, 100.00, 17.00),
(450, 12.0, 20.0, 1012.00, 55.00, 436.00, 100.00, 14.00),
(451, 12.0, 20.0, 1012.00, 57.00, 445.00, 100.00, 10.00),
(452, 11.0, 20.0, 1013.00, 56.00, 444.00, 100.00, 8.00),
(453, 11.0, 20.0, 1012.00, 52.00, 437.00, 100.00, 6.00),
(454, 12.0, 19.0, 1012.00, 60.00, 440.00, 100.00, 3.00),
(455, 11.0, 20.0, 1012.00, 58.00, 457.00, 100.00, 2.00),
(456, 10.0, 20.0, 1012.00, 56.00, 435.00, 100.00, 1.00),
(457, 10.0, 19.0, 1012.00, 59.00, 442.00, 99.00, 0.00),
(458, 9.0, 20.0, 1012.00, 58.00, 429.00, 99.00, 0.00),
(459, 10.0, 20.0, 1012.00, 63.00, 438.00, 99.00, 0.00),
(460, 9.0, 20.0, 1011.00, 59.00, 434.00, 99.00, 0.00),
(461, 7.0, 20.0, 1011.00, 59.00, 435.00, 99.00, 0.00),
(462, 8.0, 20.0, 1012.00, 64.00, 426.00, 99.00, 0.00),
(463, 7.0, 20.0, 1011.00, 63.00, 424.00, 99.00, 0.00),
(464, 7.0, 20.0, 1011.00, 62.00, 458.00, 99.00, 0.00),
(465, 7.0, 19.0, 1011.00, 62.00, 447.00, 99.00, 0.00),
(466, 6.0, 20.0, 1011.00, 62.00, 456.00, 99.00, 0.00),
(467, 6.0, 20.0, 1010.00, 69.00, 459.00, 99.00, 0.00),
(468, 5.0, 20.0, 1010.00, 68.00, 451.00, 99.00, 0.00),
(469, 5.0, 20.0, 1010.00, 66.00, 433.00, 99.00, 0.00),
(470, 4.0, 20.0, 1010.00, 66.00, 460.00, 99.00, 0.00),
(471, 4.0, 20.0, 1010.00, 69.00, 456.00, 99.00, 0.00),
(472, 5.0, 20.0, 1011.00, 69.00, 485.00, 99.00, 0.00),
(473, 3.0, 20.0, 1011.00, 69.00, 466.00, 99.00, 0.00),
(474, 3.0, 20.0, 1011.00, 64.00, 481.00, 99.00, 0.00),
(475, 4.0, 20.0, 1011.00, 69.00, 478.00, 99.00, 0.00),
(476, 3.0, 20.0, 1011.00, 71.00, 501.00, 99.00, 0.00),
(477, 4.0, 21.0, 1011.00, 73.00, 500.00, 99.00, 0.00),
(478, 3.0, 20.0, 1011.00, 69.00, 471.00, 99.00, 0.00),
(479, 3.0, 20.0, 1011.00, 71.00, 490.00, 99.00, 0.00),
(480, 3.0, 21.0, 1011.00, 69.00, 496.00, 99.00, 0.00),
(481, 3.0, 20.0, 1011.00, 73.00, 486.00, 99.00, 0.00),
(482, 3.0, 21.0, 1011.00, 69.00, 501.00, 98.00, 0.00),
(483, 3.0, 20.0, 1012.00, 71.00, 494.00, 99.00, 0.00),
(484, 3.0, 21.0, 1011.00, 72.00, 496.00, 99.00, 0.00),
(485, 5.0, 20.0, 1012.00, 71.00, 484.00, 99.00, 0.00),
(486, 4.0, 21.0, 1012.00, 69.00, 516.00, 99.00, 0.00),
(487, 4.0, 21.0, 1012.00, 68.00, 503.00, 99.00, 0.00),
(488, 3.0, 21.0, 1012.00, 71.00, 503.00, 99.00, 0.00),
(489, 4.0, 21.0, 1013.00, 68.00, 506.00, 99.00, 0.00),
(490, 4.0, 21.0, 1013.00, 70.00, 483.00, 99.00, 0.00),
(491, 5.0, 21.0, 1012.00, 72.00, 496.00, 99.00, 0.00),
(492, 4.0, 21.0, 1013.00, 68.00, 495.00, 99.00, 0.00),
(493, 5.0, 21.0, 1012.00, 65.00, 506.00, 99.00, 0.00),
(494, 4.0, 21.0, 1013.00, 68.00, 506.00, 99.00, 0.00),
(495, 5.0, 21.0, 1012.00, 67.00, 494.00, 99.00, 0.00),
(496, 5.0, 21.0, 1012.00, 67.00, 520.00, 98.00, 0.00),
(497, 6.0, 21.0, 1013.00, 66.00, 495.00, 98.00, 0.00),
(498, 6.0, 21.0, 1013.00, 65.00, 480.00, 98.00, 0.00),
(499, 7.0, 21.0, 1013.00, 65.00, 504.00, 98.00, 0.00),
(500, 7.0, 21.0, 1013.00, 57.00, 492.00, 98.00, 0.00),
(501, 6.0, 21.0, 1012.00, 64.00, 470.00, 98.00, 0.00),
(502, 8.0, 21.0, 1012.00, 61.00, 448.00, 98.00, 0.00),
(503, 8.0, 21.0, 1011.00, 64.00, 491.00, 98.00, 0.00),
(504, 9.0, 21.0, 1012.00, 64.00, 486.00, 98.00, 0.00),
(505, 8.0, 21.0, 1011.00, 64.00, 468.00, 98.00, 0.00),
(506, 10.0, 21.0, 1012.00, 61.00, 471.00, 98.00, 0.00),
(507, 9.0, 21.0, 1012.00, 55.00, 479.00, 98.00, 0.00),
(508, 10.0, 21.0, 1011.00, 60.00, 450.00, 98.00, 0.00),
(509, 11.0, 21.0, 1011.00, 58.00, 460.00, 98.00, 1.00),
(510, 10.0, 21.0, 1011.00, 61.00, 475.00, 98.00, 2.00),
(511, 11.0, 21.0, 1010.00, 59.00, 461.00, 98.00, 3.00),
(512, 11.0, 21.0, 1011.00, 59.00, 459.00, 98.00, 6.00),
(513, 12.0, 21.0, 1011.00, 56.00, 430.00, 98.00, 8.00),
(514, 12.0, 21.0, 1011.00, 55.00, 438.00, 98.00, 11.00),
(515, 12.0, 21.0, 1010.00, 53.00, 429.00, 98.00, 14.00),
(516, 13.0, 21.0, 1011.00, 52.00, 456.00, 98.00, 19.00),
(517, 13.0, 21.0, 1011.00, 51.00, 442.00, 98.00, 21.00),
(518, 13.0, 21.0, 1011.00, 54.00, 434.00, 99.00, 24.00),
(519, 13.0, 21.0, 1011.00, 55.00, 429.00, 99.00, 28.00),
(520, 14.0, 21.0, 1010.00, 51.00, 440.00, 99.00, 31.00),
(521, 14.0, 21.0, 1011.00, 51.00, 425.00, 99.00, 34.00),
(522, 15.0, 21.0, 1010.00, 52.00, 447.00, 100.00, 40.00),
(523, 14.0, 21.0, 1011.00, 51.00, 440.00, 100.00, 40.00),
(524, 14.0, 21.0, 1011.00, 51.00, 432.00, 100.00, 44.00),
(525, 15.0, 21.0, 1011.00, 52.00, 420.00, 100.00, 48.00),
(526, 15.0, 21.0, 1011.00, 48.00, 435.00, 100.00, 50.00),
(527, 14.0, 21.0, 1011.00, 47.00, 421.00, 100.00, 52.00),
(528, 16.0, 21.0, 1012.00, 50.00, 442.00, 100.00, 53.00),
(529, 15.0, 21.0, 1011.00, 51.00, 433.00, 100.00, 54.00),
(530, 15.0, 21.0, 1011.00, 49.00, 442.00, 100.00, 54.00),
(531, 16.0, 20.0, 1012.00, 48.00, 434.00, 100.00, 55.00),
(532, 15.0, 21.0, 1012.00, 48.00, 436.00, 100.00, 55.00),
(533, 15.0, 20.0, 1012.00, 49.00, 441.00, 100.00, 54.00),
(534, 15.0, 20.0, 1012.00, 51.00, 429.00, 100.00, 51.00),
(535, 15.0, 20.0, 1012.00, 50.00, 427.00, 100.00, 49.00),
(536, 15.0, 20.0, 1012.00, 49.00, 429.00, 100.00, 47.00),
(537, 14.0, 20.0, 1012.00, 51.00, 445.00, 100.00, 45.00),
(538, 15.0, 20.0, 1012.00, 53.00, 432.00, 100.00, 41.00),
(539, 14.0, 20.0, 1012.00, 50.00, 413.00, 100.00, 40.00),
(540, 14.0, 20.0, 1012.00, 51.00, 430.00, 100.00, 35.00),
(541, 14.0, 20.0, 1012.00, 53.00, 424.00, 100.00, 32.00),
(542, 14.0, 20.0, 1013.00, 54.00, 428.00, 100.00, 27.00),
(543, 14.0, 20.0, 1013.00, 55.00, 423.00, 100.00, 24.00),
(544, 14.0, 20.0, 1013.00, 53.00, 434.00, 100.00, 21.00),
(545, 13.0, 20.0, 1012.00, 53.00, 429.00, 100.00, 17.00),
(546, 13.0, 20.0, 1012.00, 55.00, 433.00, 100.00, 14.00),
(547, 12.0, 20.0, 1012.00, 57.00, 443.00, 100.00, 10.00),
(548, 12.0, 20.0, 1013.00, 56.00, 442.00, 100.00, 8.00),
(549, 12.0, 20.0, 1012.00, 52.00, 435.00, 100.00, 6.00),
(550, 12.0, 19.0, 1012.00, 60.00, 438.00, 100.00, 3.00),
(551, 11.0, 20.0, 1012.00, 58.00, 454.00, 100.00, 2.00),
(552, 11.0, 20.0, 1012.00, 56.00, 432.00, 100.00, 1.00),
(553, 10.0, 19.0, 1012.00, 59.00, 439.00, 99.00, 0.00),
(554, 10.0, 20.0, 1012.00, 58.00, 426.00, 99.00, 0.00),
(555, 10.0, 20.0, 1012.00, 63.00, 435.00, 99.00, 0.00),
(556, 10.0, 20.0, 1011.00, 59.00, 431.00, 99.00, 0.00),
(557, 7.0, 20.0, 1011.00, 59.00, 432.00, 99.00, 0.00),
(558, 8.0, 20.0, 1012.00, 64.00, 423.00, 99.00, 0.00),
(559, 8.0, 20.0, 1011.00, 63.00, 421.00, 99.00, 0.00),
(560, 8.0, 20.0, 1011.00, 62.00, 455.00, 99.00, 0.00),
(561, 7.0, 19.0, 1011.00, 62.00, 444.00, 99.00, 0.00),
(562, 6.0, 20.0, 1011.00, 62.00, 453.00, 99.00, 0.00),
(563, 6.0, 20.0, 1010.00, 69.00, 457.00, 99.00, 0.00),
(564, 5.0, 20.0, 1010.00, 68.00, 448.00, 99.00, 0.00),
(565, 6.0, 20.0, 1010.00, 66.00, 430.00, 99.00, 0.00),
(566, 5.0, 20.0, 1010.00, 66.00, 457.00, 99.00, 0.00),
(567, 4.0, 20.0, 1010.00, 69.00, 454.00, 99.00, 0.00),
(568, 5.0, 20.0, 1011.00, 69.00, 482.00, 99.00, 0.00),
(569, 4.0, 20.0, 1011.00, 69.00, 463.00, 99.00, 0.00),
(570, 4.0, 20.0, 1011.00, 64.00, 479.00, 99.00, 0.00),
(571, 5.0, 20.0, 1011.00, 69.00, 475.00, 99.00, 0.00),
(572, 3.0, 20.0, 1011.00, 71.00, 499.00, 99.00, 0.00),
(573, 4.0, 21.0, 1011.00, 73.00, 497.00, 99.00, 0.00),
(574, 3.0, 20.0, 1011.00, 69.00, 468.00, 99.00, 0.00),
(575, 4.0, 20.0, 1011.00, 71.00, 487.00, 99.00, 0.00),
(576, 3.0, 21.0, 1011.00, 69.00, 493.00, 99.00, 0.00),
(577, 3.0, 20.0, 1011.00, 73.00, 483.00, 99.00, 0.00),
(578, 3.0, 21.0, 1011.00, 69.00, 499.00, 98.00, 0.00),
(579, NULL, NULL, NULL, NULL, NULL, NULL, NULL),
(580, NULL, NULL, NULL, NULL, NULL, NULL, NULL),
(581, NULL, NULL, NULL, NULL, NULL, NULL, NULL),
(582, NULL, NULL, NULL, NULL, NULL, NULL, NULL),
(583, NULL, NULL, NULL, NULL, NULL, NULL, NULL),
(584, NULL, NULL, NULL, NULL, NULL, NULL, NULL),
(585, NULL, NULL, NULL, NULL, NULL, NULL, NULL),
(586, NULL, NULL, NULL, NULL, NULL, NULL, NULL),
(587, NULL, NULL, NULL, NULL, NULL, NULL, NULL),
(588, NULL, NULL, NULL, NULL, NULL, NULL, NULL),
(589, NULL, NULL, NULL, NULL, NULL, NULL, NULL),
(590, NULL, NULL, NULL, NULL, NULL, NULL, NULL),
(591, NULL, NULL, NULL, NULL, NULL, NULL, NULL),
(592, NULL, NULL, NULL, NULL, NULL, NULL, NULL),
(593, NULL, NULL, NULL, NULL, NULL, NULL, NULL),
(594, NULL, NULL, NULL, NULL, NULL, NULL, NULL),
(595, NULL, NULL, NULL, NULL, NULL, NULL, NULL),
(596, NULL, NULL, NULL, NULL, NULL, NULL, NULL),
(597, NULL, NULL, NULL, NULL, NULL, NULL, NULL);

-- --------------------------------------------------------

--
-- Tabelstructuur voor tabel `sensordata`
--

CREATE TABLE `sensordata` (
  `sensor_data_id` int(11) NOT NULL,
  `user_id` int(11) DEFAULT NULL
) ENGINE=InnoDB DEFAULT CHARSET=utf8mb4 COLLATE=utf8mb4_general_ci;

--
-- Gegevens worden geëxporteerd voor tabel `sensordata`
--

INSERT INTO `sensordata` (`sensor_data_id`, `user_id`) VALUES
(291, 1),
(292, 1),
(293, 1),
(294, 1),
(295, 1),
(296, 1),
(297, 1),
(298, 1),
(299, 1),
(300, 1),
(301, 1),
(302, 1),
(303, 1),
(304, 1),
(305, 1),
(306, 1),
(307, 1),
(308, 1),
(309, 1),
(310, 1),
(311, 1),
(312, 1),
(313, 1),
(314, 1),
(315, 1),
(316, 1),
(317, 1),
(318, 1),
(319, 1),
(320, 1),
(321, 1),
(322, 1),
(323, 1),
(324, 1),
(325, 1),
(326, 1),
(327, 1),
(328, 1),
(329, 1),
(330, 1),
(331, 1),
(332, 1),
(333, 1),
(334, 1),
(335, 1),
(336, 1),
(337, 1),
(338, 1),
(339, 1),
(340, 1),
(341, 1),
(342, 1),
(343, 1),
(344, 1),
(345, 1),
(346, 1),
(347, 1),
(348, 1),
(349, 1),
(350, 1),
(351, 1),
(352, 1),
(353, 1),
(354, 1),
(355, 1),
(356, 1),
(357, 1),
(358, 1),
(359, 1),
(360, 1),
(361, 1),
(362, 1),
(363, 1),
(364, 1),
(365, 1),
(366, 1),
(367, 1),
(368, 1),
(369, 1),
(370, 1),
(371, 1),
(372, 1),
(373, 1),
(374, 1),
(375, 1),
(376, 1),
(377, 1),
(378, 1),
(379, 1),
(380, 1),
(381, 1),
(382, 1),
(383, 1),
(384, 1),
(385, 1),
(386, 1),
(387, 1),
(388, 1),
(389, 1),
(390, 1),
(391, 1),
(392, 1),
(393, 1),
(394, 1),
(395, 1),
(396, 1),
(397, 1),
(398, 1),
(399, 1),
(400, 1),
(401, 1),
(402, 1),
(403, 1),
(404, 1),
(405, 1),
(406, 1),
(407, 1),
(408, 1),
(409, 1),
(410, 1),
(411, 1),
(412, 1),
(413, 1),
(414, 1),
(415, 1),
(416, 1),
(417, 1),
(418, 1),
(419, 1),
(420, 1),
(421, 1),
(422, 1),
(423, 1),
(424, 1),
(425, 1),
(426, 1),
(427, 1),
(428, 1),
(429, 1),
(430, 1),
(431, 1),
(432, 1),
(433, 1),
(434, 1),
(435, 1),
(436, 1),
(437, 1),
(438, 1),
(439, 1),
(440, 1),
(441, 1),
(442, 1),
(443, 1),
(444, 1),
(445, 1),
(446, 1),
(447, 1),
(448, 1),
(449, 1),
(450, 1),
(451, 1),
(452, 1),
(453, 1),
(454, 1),
(455, 1),
(456, 1),
(457, 1),
(458, 1),
(459, 1),
(460, 1),
(461, 1),
(462, 1),
(463, 1),
(464, 1),
(465, 1),
(466, 1),
(467, 1),
(468, 1),
(469, 1),
(470, 1),
(471, 1),
(472, 1),
(473, 1),
(474, 1),
(475, 1),
(476, 1),
(477, 1),
(478, 1),
(479, 1),
(480, 1),
(481, 1),
(482, 1),
(483, 1),
(484, 1),
(485, 1),
(486, 1),
(487, 1),
(488, 1),
(489, 1),
(490, 1),
(491, 1),
(492, 1),
(493, 1),
(494, 1),
(495, 1),
(496, 1),
(497, 1),
(498, 1),
(499, 1),
(500, 1),
(501, 1),
(502, 1),
(503, 1),
(504, 1),
(505, 1),
(506, 1),
(507, 1),
(508, 1),
(509, 1),
(510, 1),
(511, 1),
(512, 1),
(513, 1),
(514, 1),
(515, 1),
(516, 1),
(517, 1),
(518, 1),
(519, 1),
(520, 1),
(521, 1),
(522, 1),
(523, 1),
(524, 1),
(525, 1),
(526, 1),
(527, 1),
(528, 1),
(529, 1),
(530, 1),
(531, 1),
(532, 1),
(533, 1),
(534, 1),
(535, 1),
(536, 1),
(537, 1),
(538, 1),
(539, 1),
(540, 1),
(541, 1),
(542, 1),
(543, 1),
(544, 1),
(545, 1),
(546, 1),
(547, 1),
(548, 1),
(549, 1),
(550, 1),
(551, 1),
(552, 1),
(553, 1),
(554, 1),
(555, 1),
(556, 1),
(557, 1),
(558, 1),
(559, 1),
(560, 1),
(561, 1),
(562, 1),
(563, 1),
(564, 1),
(565, 1),
(566, 1),
(567, 1),
(568, 1),
(569, 1),
(570, 1),
(571, 1),
(572, 1),
(573, 1),
(574, 1),
(575, 1),
(576, 1),
(577, 1),
(578, 1),
(579, 1),
(580, 1),
(581, 1),
(582, 1),
(583, 1),
(584, 1),
(585, 1),
(586, 1),
(587, 1),
(588, 1),
(589, 1),
(590, 1),
(591, 1),
(592, 1),
(593, 1),
(594, 1),
(595, 1),
(596, 1),
(597, 1);

-- --------------------------------------------------------

--
-- Tabelstructuur voor tabel `user`
--

CREATE TABLE `user` (
  `user_id` int(11) NOT NULL,
  `naam` varchar(250) DEFAULT NULL,
  `email` varchar(250) DEFAULT NULL,
  `wachtwoord` varchar(250) DEFAULT NULL
) ENGINE=InnoDB DEFAULT CHARSET=utf8mb4 COLLATE=utf8mb4_general_ci;

--
-- Gegevens worden geëxporteerd voor tabel `user`
--

INSERT INTO `user` (`user_id`, `naam`, `email`, `wachtwoord`) VALUES
(1, '[Toosie]', '[ToosieMatthias]', '[Toosie]');

-- --------------------------------------------------------

--
-- Tabelstructuur voor tabel `userdashboardwidget`
--

CREATE TABLE `userdashboardwidget` (
  `widget_id` int(11) NOT NULL,
  `user_id` int(11) DEFAULT NULL,
  `type` varchar(100) DEFAULT NULL,
  `position_x` int(11) DEFAULT NULL,
  `position_y` int(11) DEFAULT NULL,
  `width` int(11) DEFAULT NULL,
  `height` int(11) DEFAULT NULL
) ENGINE=InnoDB DEFAULT CHARSET=utf8mb4 COLLATE=utf8mb4_general_ci;

-- --------------------------------------------------------

--
-- Tabelstructuur voor tabel `woningenergiedata`
--

CREATE TABLE `woningenergiedata` (
  `sensor_data_id` int(11) NOT NULL,
  `zonnepaneelspanning` decimal(5,2) DEFAULT NULL,
  `zonnepaneelstroom` decimal(5,2) DEFAULT NULL,
  `stroomverbruik_woning` decimal(8,2) DEFAULT NULL,
  `waterstofopslag_woning` decimal(8,2) DEFAULT NULL
) ENGINE=InnoDB DEFAULT CHARSET=utf8mb4 COLLATE=utf8mb4_general_ci;

--
-- Gegevens worden geëxporteerd voor tabel `woningenergiedata`
--

INSERT INTO `woningenergiedata` (`sensor_data_id`, `zonnepaneelspanning`, `zonnepaneelstroom`, `stroomverbruik_woning`, `waterstofopslag_woning`) VALUES
(291, 4.00, 0.00, 0.00, 0.00),
(292, 4.00, 0.00, 0.00, 0.00),
(293, 4.00, 0.00, 0.00, 0.00),
(294, 4.00, 0.00, 0.00, 0.00),
(295, 4.00, 0.00, 0.00, 0.00),
(296, 4.00, 0.00, 0.00, 0.00),
(297, 4.00, 0.00, 0.00, 0.00),
(298, 4.00, 0.00, 0.00, 0.00),
(299, 4.00, 0.00, 0.00, 0.00),
(300, 4.00, 0.00, 0.00, 0.00),
(301, 4.00, 0.00, 0.00, 0.00),
(302, 4.00, 0.00, 0.00, 0.00),
(303, 4.00, 0.00, 0.00, 0.00),
(304, 4.00, 0.00, 0.00, 0.00),
(305, 4.00, 0.00, 0.00, 0.00),
(306, 4.00, 0.00, 0.00, 0.00),
(307, 4.00, 0.00, 0.00, 0.00),
(308, 4.00, 0.00, 0.00, 0.00),
(309, 4.00, 0.00, 0.00, 0.00),
(310, 4.00, 0.00, 0.00, 0.00),
(311, 4.00, 0.00, 0.00, 0.00),
(312, 4.00, 0.00, 0.00, 0.00),
(313, 4.00, 0.00, 0.00, 0.00),
(314, 4.00, 0.00, 0.00, 0.00),
(315, 4.00, 0.00, 0.00, 0.00),
(316, 4.00, 0.00, 0.00, 0.00),
(317, 5.00, 0.00, 0.00, 0.00),
(318, 6.00, 0.00, 0.00, 2.00),
(319, 6.00, 0.00, 0.00, 6.00),
(320, 7.00, 1.00, 0.00, 12.00),
(321, 8.00, 1.00, 0.00, 20.00),
(322, 8.00, 1.00, 0.00, 32.00),
(323, 9.00, 1.00, 0.00, 45.00),
(324, 9.00, 1.00, 0.00, 63.00),
(325, 10.00, 1.00, 0.00, 84.00),
(326, 10.00, 2.00, 0.00, 100.00),
(327, 11.00, 2.00, 0.00, 100.00),
(328, 11.00, 2.00, 0.00, 100.00),
(329, 12.00, 2.00, 0.00, 100.00),
(330, 12.00, 2.00, 0.00, 100.00),
(331, 12.00, 2.00, 0.00, 100.00),
(332, 13.00, 2.00, 0.00, 100.00),
(333, 13.00, 2.00, 0.00, 100.00),
(334, 13.00, 2.00, 0.00, 100.00),
(335, 13.00, 3.00, 0.00, 100.00),
(336, 13.00, 3.00, 0.00, 100.00),
(337, 14.00, 3.00, 0.00, 100.00),
(338, 14.00, 3.00, 0.00, 100.00),
(339, 14.00, 3.00, 0.00, 100.00),
(340, 14.00, 3.00, 0.00, 100.00),
(341, 13.00, 3.00, 0.00, 100.00),
(342, 13.00, 2.00, 0.00, 100.00),
(343, 13.00, 2.00, 0.00, 100.00),
(344, 13.00, 2.00, 0.00, 100.00),
(345, 13.00, 2.00, 0.00, 100.00),
(346, 12.00, 2.00, 0.00, 100.00),
(347, 12.00, 2.00, 0.00, 100.00),
(348, 12.00, 2.00, 0.00, 100.00),
(349, 11.00, 2.00, 0.00, 100.00),
(350, 11.00, 2.00, 0.00, 100.00),
(351, 10.00, 2.00, 0.00, 100.00),
(352, 10.00, 1.00, 0.00, 100.00),
(353, 9.00, 1.00, 0.00, 100.00),
(354, 9.00, 1.00, 0.00, 100.00),
(355, 8.00, 1.00, 0.00, 100.00),
(356, 8.00, 1.00, 0.00, 100.00),
(357, 7.00, 1.00, 0.00, 100.00),
(358, 6.00, 0.00, 0.00, 100.00),
(359, 6.00, 0.00, 0.00, 100.00),
(360, 5.00, 0.00, 0.00, 100.00),
(361, 4.00, 0.00, 0.00, 99.00),
(362, 4.00, 0.00, 0.00, 98.00),
(363, 4.00, 0.00, 0.00, 98.00),
(364, 4.00, 0.00, 0.00, 98.00),
(365, 4.00, 0.00, 0.00, 98.00),
(366, 4.00, 0.00, 0.00, 98.00),
(367, 4.00, 0.00, 0.00, 98.00),
(368, 4.00, 0.00, 0.00, 97.00),
(369, 4.00, 0.00, 0.00, 97.00),
(370, 4.00, 0.00, 0.00, 97.00),
(371, 4.00, 0.00, 0.00, 97.00),
(372, 4.00, 0.00, 0.00, 97.00),
(373, 4.00, 0.00, 0.00, 97.00),
(374, 4.00, 0.00, 0.00, 97.00),
(375, 4.00, 0.00, 0.00, 97.00),
(376, 4.00, 0.00, 0.00, 96.00),
(377, 4.00, 0.00, 0.00, 96.00),
(378, 4.00, 0.00, 0.00, 96.00),
(379, 4.00, 0.00, 0.00, 96.00),
(380, 4.00, 0.00, 0.00, 96.00),
(381, 4.00, 0.00, 0.00, 95.00),
(382, 4.00, 0.00, 0.00, 95.00),
(383, 4.00, 0.00, 0.00, 95.00),
(384, 4.00, 0.00, 0.00, 95.00),
(385, 4.00, 0.00, 0.00, 94.00),
(386, 4.00, 0.00, 0.00, 94.00),
(387, 4.00, 0.00, 0.00, 94.00),
(388, 4.00, 0.00, 0.00, 93.00),
(389, 4.00, 0.00, 0.00, 93.00),
(390, 4.00, 0.00, 0.00, 93.00),
(391, 4.00, 0.00, 0.00, 93.00),
(392, 4.00, 0.00, 0.00, 92.00),
(393, 4.00, 0.00, 0.00, 92.00),
(394, 4.00, 0.00, 0.00, 92.00),
(395, 4.00, 0.00, 0.00, 91.00),
(396, 4.00, 0.00, 0.00, 91.00),
(397, 4.00, 0.00, 0.00, 91.00),
(398, 4.00, 0.00, 0.00, 91.00),
(399, 4.00, 0.00, 0.00, 90.00),
(400, 4.00, 0.00, 0.00, 90.00),
(401, 4.00, 0.00, 0.00, 90.00),
(402, 4.00, 0.00, 0.00, 90.00),
(403, 4.00, 0.00, 0.00, 89.00),
(404, 4.00, 0.00, 0.00, 89.00),
(405, 4.00, 0.00, 0.00, 89.00),
(406, 4.00, 0.00, 0.00, 89.00),
(407, 4.00, 0.00, 0.00, 88.00),
(408, 4.00, 0.00, 0.00, 88.00),
(409, 4.00, 0.00, 0.00, 88.00),
(410, 4.00, 0.00, 0.00, 88.00),
(411, 4.00, 0.00, 0.00, 88.00),
(412, 4.00, 0.00, 0.00, 88.00),
(413, 5.00, 0.00, 0.00, 88.00),
(414, 6.00, 0.00, 0.00, 91.00),
(415, 6.00, 0.00, 0.00, 94.00),
(416, 7.00, 0.00, 0.00, 100.00),
(417, 8.00, 1.00, 0.00, 100.00),
(418, 8.00, 1.00, 0.00, 100.00),
(419, 9.00, 1.00, 0.00, 100.00),
(420, 9.00, 1.00, 0.00, 100.00),
(421, 10.00, 1.00, 0.00, 100.00),
(422, 10.00, 1.00, 0.00, 100.00),
(423, 11.00, 2.00, 0.00, 100.00),
(424, 11.00, 2.00, 0.00, 100.00),
(425, 12.00, 2.00, 0.00, 100.00),
(426, 12.00, 2.00, 0.00, 100.00),
(427, 12.00, 2.00, 0.00, 100.00),
(428, 13.00, 2.00, 0.00, 100.00),
(429, 13.00, 2.00, 0.00, 100.00),
(430, 13.00, 2.00, 0.00, 100.00),
(431, 13.00, 2.00, 0.00, 100.00),
(432, 13.00, 2.00, 0.00, 100.00),
(433, 14.00, 2.00, 0.00, 100.00),
(434, 14.00, 2.00, 0.00, 100.00),
(435, 14.00, 2.00, 0.00, 100.00),
(436, 14.00, 3.00, 0.00, 100.00),
(437, 13.00, 3.00, 0.00, 100.00),
(438, 13.00, 2.00, 0.00, 100.00),
(439, 13.00, 2.00, 0.00, 100.00),
(440, 13.00, 2.00, 0.00, 100.00),
(441, 13.00, 2.00, 0.00, 100.00),
(442, 12.00, 2.00, 0.00, 100.00),
(443, 12.00, 2.00, 0.00, 100.00),
(444, 12.00, 2.00, 0.00, 100.00),
(445, 11.00, 2.00, 0.00, 100.00),
(446, 11.00, 2.00, 0.00, 100.00),
(447, 10.00, 1.00, 0.00, 100.00),
(448, 10.00, 1.00, 0.00, 100.00),
(449, 9.00, 1.00, 0.00, 100.00),
(450, 9.00, 1.00, 0.00, 100.00),
(451, 8.00, 1.00, 0.00, 100.00),
(452, 8.00, 1.00, 0.00, 100.00),
(453, 7.00, 1.00, 0.00, 100.00),
(454, 6.00, 0.00, 0.00, 100.00),
(455, 6.00, 0.00, 0.00, 100.00),
(456, 5.00, 0.00, 0.00, 100.00),
(457, 4.00, 0.00, 0.00, 99.00),
(458, 4.00, 0.00, 0.00, 98.00),
(459, 4.00, 0.00, 0.00, 98.00),
(460, 4.00, 0.00, 0.00, 98.00),
(461, 4.00, 0.00, 0.00, 98.00),
(462, 4.00, 0.00, 0.00, 98.00),
(463, 4.00, 0.00, 0.00, 98.00),
(464, 4.00, 0.00, 0.00, 97.00),
(465, 4.00, 0.00, 0.00, 97.00),
(466, 4.00, 0.00, 0.00, 97.00),
(467, 4.00, 0.00, 0.00, 97.00),
(468, 4.00, 0.00, 0.00, 97.00),
(469, 4.00, 0.00, 0.00, 97.00),
(470, 4.00, 0.00, 0.00, 97.00),
(471, 4.00, 0.00, 0.00, 97.00),
(472, 4.00, 0.00, 0.00, 96.00),
(473, 4.00, 0.00, 0.00, 96.00),
(474, 4.00, 0.00, 0.00, 96.00),
(475, 4.00, 0.00, 0.00, 96.00),
(476, 4.00, 0.00, 0.00, 96.00),
(477, 4.00, 0.00, 0.00, 95.00),
(478, 4.00, 0.00, 0.00, 95.00),
(479, 4.00, 0.00, 0.00, 95.00),
(480, 4.00, 0.00, 0.00, 95.00),
(481, 4.00, 0.00, 0.00, 94.00),
(482, 4.00, 0.00, 0.00, 94.00),
(483, 4.00, 0.00, 0.00, 94.00),
(484, 4.00, 0.00, 0.00, 94.00),
(485, 4.00, 0.00, 0.00, 93.00),
(486, 4.00, 0.00, 0.00, 93.00),
(487, 4.00, 0.00, 0.00, 93.00),
(488, 4.00, 0.00, 0.00, 92.00),
(489, 4.00, 0.00, 0.00, 92.00),
(490, 4.00, 0.00, 0.00, 92.00),
(491, 4.00, 0.00, 0.00, 92.00),
(492, 4.00, 0.00, 0.00, 91.00),
(493, 4.00, 0.00, 0.00, 91.00),
(494, 4.00, 0.00, 0.00, 91.00),
(495, 4.00, 0.00, 0.00, 90.00),
(496, 4.00, 0.00, 0.00, 90.00),
(497, 4.00, 0.00, 0.00, 90.00),
(498, 4.00, 0.00, 0.00, 90.00),
(499, 4.00, 0.00, 0.00, 89.00),
(500, 4.00, 0.00, 0.00, 89.00),
(501, 4.00, 0.00, 0.00, 89.00),
(502, 4.00, 0.00, 0.00, 89.00),
(503, 4.00, 0.00, 0.00, 88.00),
(504, 4.00, 0.00, 0.00, 88.00),
(505, 4.00, 0.00, 0.00, 88.00),
(506, 4.00, 0.00, 0.00, 88.00),
(507, 4.00, 0.00, 0.00, 87.00),
(508, 4.00, 0.00, 0.00, 87.00),
(509, 5.00, 0.00, 0.00, 88.00),
(510, 6.00, 0.00, 0.00, 90.00),
(511, 6.00, 0.00, 0.00, 94.00),
(512, 7.00, 0.00, 0.00, 100.00),
(513, 8.00, 1.00, 0.00, 100.00),
(514, 8.00, 1.00, 0.00, 100.00),
(515, 9.00, 1.00, 0.00, 100.00),
(516, 9.00, 1.00, 0.00, 100.00),
(517, 10.00, 1.00, 0.00, 100.00),
(518, 10.00, 1.00, 0.00, 100.00),
(519, 11.00, 2.00, 0.00, 100.00),
(520, 11.00, 2.00, 0.00, 100.00),
(521, 12.00, 2.00, 0.00, 100.00),
(522, 12.00, 2.00, 0.00, 100.00),
(523, 12.00, 2.00, 0.00, 100.00),
(524, 13.00, 2.00, 0.00, 100.00),
(525, 13.00, 2.00, 0.00, 100.00),
(526, 13.00, 2.00, 0.00, 100.00),
(527, 13.00, 3.00, 0.00, 100.00),
(528, 13.00, 3.00, 0.00, 100.00),
(529, 14.00, 3.00, 0.00, 100.00),
(530, 14.00, 3.00, 0.00, 100.00),
(531, 14.00, 3.00, 0.00, 100.00),
(532, 14.00, 3.00, 0.00, 100.00),
(533, 13.00, 3.00, 0.00, 100.00),
(534, 13.00, 2.00, 0.00, 100.00),
(535, 13.00, 2.00, 0.00, 100.00),
(536, 13.00, 2.00, 0.00, 100.00),
(537, 13.00, 2.00, 0.00, 100.00),
(538, 12.00, 2.00, 0.00, 100.00),
(539, 12.00, 2.00, 0.00, 100.00),
(540, 12.00, 2.00, 0.00, 100.00),
(541, 11.00, 2.00, 0.00, 100.00),
(542, 11.00, 2.00, 0.00, 100.00),
(543, 10.00, 1.00, 0.00, 100.00),
(544, 10.00, 1.00, 0.00, 100.00),
(545, 9.00, 1.00, 0.00, 100.00),
(546, 9.00, 1.00, 0.00, 100.00),
(547, 8.00, 1.00, 0.00, 100.00),
(548, 8.00, 1.00, 0.00, 100.00),
(549, 7.00, 1.00, 0.00, 100.00),
(550, 6.00, 0.00, 0.00, 100.00),
(551, 6.00, 0.00, 0.00, 100.00),
(552, 5.00, 0.00, 0.00, 100.00),
(553, 4.00, 0.00, 0.00, 99.00),
(554, 4.00, 0.00, 0.00, 98.00),
(555, 4.00, 0.00, 0.00, 98.00),
(556, 4.00, 0.00, 0.00, 98.00),
(557, 4.00, 0.00, 0.00, 98.00),
(558, 4.00, 0.00, 0.00, 98.00),
(559, 4.00, 0.00, 0.00, 98.00),
(560, 4.00, 0.00, 0.00, 97.00),
(561, 4.00, 0.00, 0.00, 97.00),
(562, 4.00, 0.00, 0.00, 97.00),
(563, 4.00, 0.00, 0.00, 97.00),
(564, 4.00, 0.00, 0.00, 97.00),
(565, 4.00, 0.00, 0.00, 97.00),
(566, 4.00, 0.00, 0.00, 97.00),
(567, 4.00, 0.00, 0.00, 97.00),
(568, 4.00, 0.00, 0.00, 96.00),
(569, 4.00, 0.00, 0.00, 96.00),
(570, 4.00, 0.00, 0.00, 96.00),
(571, 4.00, 0.00, 0.00, 96.00),
(572, 4.00, 0.00, 0.00, 96.00),
(573, 4.00, 0.00, 0.00, 95.00),
(574, 4.00, 0.00, 0.00, 95.00),
(575, 4.00, 0.00, 0.00, 95.00),
(576, 4.00, 0.00, 0.00, 95.00),
(577, 4.00, 0.00, 0.00, 94.00),
(578, 4.00, 0.00, 0.00, 94.00),
(579, NULL, NULL, NULL, NULL),
(580, NULL, NULL, NULL, NULL),
(581, NULL, NULL, NULL, NULL),
(582, NULL, NULL, NULL, NULL),
(583, NULL, NULL, NULL, NULL),
(584, NULL, NULL, NULL, NULL),
(585, NULL, NULL, NULL, NULL),
(586, NULL, NULL, NULL, NULL),
(587, NULL, NULL, NULL, NULL),
(588, NULL, NULL, NULL, NULL),
(589, NULL, NULL, NULL, NULL),
(590, NULL, NULL, NULL, NULL),
(591, NULL, NULL, NULL, NULL),
(592, NULL, NULL, NULL, NULL),
(593, NULL, NULL, NULL, NULL),
(594, NULL, NULL, NULL, NULL),
(595, NULL, NULL, NULL, NULL),
(596, NULL, NULL, NULL, NULL),
(597, NULL, NULL, NULL, NULL);

--
-- Indexen voor geëxporteerde tabellen
--

--
-- Indexen voor tabel `autoenergiedata`
--
ALTER TABLE `autoenergiedata`
  ADD PRIMARY KEY (`sensor_data_id`);

--
-- Indexen voor tabel `dashboard`
--
ALTER TABLE `dashboard`
  ADD PRIMARY KEY (`dashboard_id`),
  ADD KEY `user_id` (`user_id`);

--
-- Indexen voor tabel `omgevingsenergiedata`
--
ALTER TABLE `omgevingsenergiedata`
  ADD PRIMARY KEY (`sensor_data_id`);

--
-- Indexen voor tabel `sensordata`
--
ALTER TABLE `sensordata`
  ADD PRIMARY KEY (`sensor_data_id`),
  ADD KEY `user_id` (`user_id`);

--
-- Indexen voor tabel `user`
--
ALTER TABLE `user`
  ADD PRIMARY KEY (`user_id`);

--
-- Indexen voor tabel `userdashboardwidget`
--
ALTER TABLE `userdashboardwidget`
  ADD PRIMARY KEY (`widget_id`),
  ADD KEY `user_id` (`user_id`);

--
-- Indexen voor tabel `woningenergiedata`
--
ALTER TABLE `woningenergiedata`
  ADD PRIMARY KEY (`sensor_data_id`);

--
-- AUTO_INCREMENT voor geëxporteerde tabellen
--

--
-- AUTO_INCREMENT voor een tabel `dashboard`
--
ALTER TABLE `dashboard`
  MODIFY `dashboard_id` int(11) NOT NULL AUTO_INCREMENT;

--
-- AUTO_INCREMENT voor een tabel `sensordata`
--
ALTER TABLE `sensordata`
  MODIFY `sensor_data_id` int(11) NOT NULL AUTO_INCREMENT, AUTO_INCREMENT=598;

--
-- AUTO_INCREMENT voor een tabel `user`
--
ALTER TABLE `user`
  MODIFY `user_id` int(11) NOT NULL AUTO_INCREMENT, AUTO_INCREMENT=2;

--
-- AUTO_INCREMENT voor een tabel `userdashboardwidget`
--
ALTER TABLE `userdashboardwidget`
  MODIFY `widget_id` int(11) NOT NULL AUTO_INCREMENT;

--
-- Beperkingen voor geëxporteerde tabellen
--

--
-- Beperkingen voor tabel `autoenergiedata`
--
ALTER TABLE `autoenergiedata`
  ADD CONSTRAINT `autoenergiedata_ibfk_1` FOREIGN KEY (`sensor_data_id`) REFERENCES `sensordata` (`sensor_data_id`);

--
-- Beperkingen voor tabel `dashboard`
--
ALTER TABLE `dashboard`
  ADD CONSTRAINT `dashboard_ibfk_1` FOREIGN KEY (`user_id`) REFERENCES `user` (`user_id`);

--
-- Beperkingen voor tabel `omgevingsenergiedata`
--
ALTER TABLE `omgevingsenergiedata`
  ADD CONSTRAINT `omgevingsenergiedata_ibfk_1` FOREIGN KEY (`sensor_data_id`) REFERENCES `sensordata` (`sensor_data_id`);

--
-- Beperkingen voor tabel `sensordata`
--
ALTER TABLE `sensordata`
  ADD CONSTRAINT `sensordata_ibfk_1` FOREIGN KEY (`user_id`) REFERENCES `user` (`user_id`);

--
-- Beperkingen voor tabel `userdashboardwidget`
--
ALTER TABLE `userdashboardwidget`
  ADD CONSTRAINT `userdashboardwidget_ibfk_1` FOREIGN KEY (`user_id`) REFERENCES `user` (`user_id`);

--
-- Beperkingen voor tabel `woningenergiedata`
--
ALTER TABLE `woningenergiedata`
  ADD CONSTRAINT `woningenergiedata_ibfk_1` FOREIGN KEY (`sensor_data_id`) REFERENCES `sensordata` (`sensor_data_id`);
COMMIT;

/*!40101 SET CHARACTER_SET_CLIENT=@OLD_CHARACTER_SET_CLIENT */;
/*!40101 SET CHARACTER_SET_RESULTS=@OLD_CHARACTER_SET_RESULTS */;
/*!40101 SET COLLATION_CONNECTION=@OLD_COLLATION_CONNECTION */;
